SKU,Thumbnail for Reference,Name,Category (rings/earrings/pendants/bracelets/bangles/necklaces),Description,BaseMetal (gold/silver/brass),"PurityOptions (Comma separated, e.g. 14K, 18K or 925)","MetalColorOptions (Dropdown choices, e.g. Yellow Gold, White Gold)","AvailableStones (Dropdown choices, e.g. Diamond, Ruby, None)",PrimaryGemstone,ImageURLs (Comma separated Drive/Dropbox links),Featured (TRUE/FALSE),Net Weight
SJIH16437-,,Elegant Ethiopian Opal Ring,rings,Radiant opal and natural gemstones in handcrafted with Precision.,Silver 925,"925, 10k, 14K","Silver925 with Rhodium
Silver 0.5Micron Gold Plated
Silver 1 Micron Gold Plated
Silver 2.5 Micron Gold Plated
Yellow Gold
Rose Gold
White Gold",None,"Opal, Rhodolite",https://drive.google.com/file/d/1Kkv4dRx3nbgbQrpl3S5xQdyN8TrOw2o6/view?usp=drive_link,,4.004
SJIH12689-,,The Turquoise Empress Ring,rings,Vibrant turquoise framed by royal garnet stones.,Silver 925,"925, 10k, 14K","Silver925 with Rhodium
Silver 0.5Micron Gold Plated
Silver 1 Micron Gold Plated
Silver 2.5 Micron Gold Plated
Yellow Gold
Rose Gold
White Gold",None,"Mohave Turquoise, Rhodolite",https://drive.google.com/file/d/1Kc9YVMWE8HUcqLUBX3ojHbFy64H4ZKhN/view?usp=drive_link,,1.93
SJIH15812,,The Azure Sky Ring,rings,Brilliant blue topaz encircled by a rainbow halo.,Silver 925,"925, 10k, 14K","Silver925 with Rhodium
Silver 0.5Micron Gold Plated
Silver 1 Micron Gold Plated
Silver 2.5 Micron Gold Plated
Yellow Gold
Rose Gold
White Gold",None,"Sky Blue Topaz, Multi Tourmaline",https://drive.google.com/file/d/1qUQ-7j6Kgtxb-lJA9uJ7XM8XEgDFIpfg/view?usp=drive_link,,3.075
SJIH16421-,,The Verdant Kaleidoscope Ring,rings,Cushion-cut green amethyst surrounded by marquise gemstones.,Silver 925,"925, 10k, 14K","Silver925 with Rhodium
Silver 0.5Micron Gold Plated
Silver 1 Micron Gold Plated
Silver 2.5 Micron Gold Plated
Yellow Gold
Rose Gold
White Gold",None,"Green Amethyst, Multi Tourmaline",https://drive.google.com/file/d/1eUepZH3bmIkTLGqqfeqAIAK__o6HqTan/view?usp=drive_link,,4.616
SJIH16269-R,,The Crimson Bloom Ring,Rings,Deep oval ruby centered in sparkling diamond petals.,Silver 925,"925, 10k, 14K","Silver925 with Rhodium
Silver 0.5Micron Gold Plated
Silver 1 Micron Gold Plated
Silver 2.5 Micron Gold Plated
Yellow Gold
Rose Gold
White Gold",None,Glass Filled Ruby,https://drive.google.com/file/d/1YUaoEQYwVpxDS7_7q3Glvtf9AJ1EmeRT/view?usp=drive_link,,2.933
SJS42505-R,,Golden Twisted Gemstone Ring,Rings,Elegant twisted ring with colorful gemstones sparkle,Silver 925,"925, 10k, 14K","Silver925 with Rhodium
Silver 0.5Micron Gold Plated
Silver 1 Micron Gold Plated
Silver 2.5 Micron Gold Plated
Yellow Gold
Rose Gold
White Gold",None,"Sky Blue tOpaz, Amethyst, Citrine, Swiss Blue Topaz, White Topaz",https://drive.google.com/file/d/17i4K6KIbVd-gzZ_ARse5hnZFYDhxmc4p/view?usp=drive_link,,5.079
SJIH16640-R,,Multi Tourmaline Statement Ring,Rings,Bright multi tourmaline ring with vivid color sparkle,Silver 925,"925, 10k, 14K","Silver925 with Rhodium
Silver 0.5Micron Gold Plated
Silver 1 Micron Gold Plated
Silver 2.5 Micron Gold Plated
Yellow Gold
Rose Gold
White Gold",None,Multi Tourmaline,https://drive.google.com/file/d/1XgzTwxa6eL_82RkuyHZKvUQd9tBL7Gqi/view?usp=drive_link,,4.728
,,Larimar and London Blue Topaz Halo Ring,Rings,Soft larimar center with deep blue topaz halo,Silver 925,"925, 10k, 14K","Silver925 with Rhodium
Silver 0.5Micron Gold Plated
Silver 1 Micron Gold Plated
Silver 2.5 Micron Gold Plated
Yellow Gold
Rose Gold
White Gold",None,"Larimar, London Blue Topaz",https://drive.google.com/file/d/1XzRUZgkDL9E631NYI7BsUFeK1-EU5OSg/view?usp=drive_link,,
,,Sky Blue Topaz Elegant Ring,Rings,"Stunning sky blue topaz center stone with sparkling accents, offering a fresh, bright look and timeless elegant appeal",Silver 925,"925, 10k, 14K","Silver925 with Rhodium
Silver 0.5Micron Gold Plated
Silver 1 Micron Gold Plated
Silver 2.5 Micron Gold Plated
Yellow Gold
Rose Gold
White Gold",None,Sky Blue Topaz,Gemini_Generated_Image_aosofcaosofcaoso.png,,
SJIH16269-,,Glass Filled Ruby Flower Halo Ring,Rings,"Bold glass filled ruby center surrounded by matching ruby stones, creating a rich floral design with vibrant red sparkle and charm",Silver 925,"925, 10k, 14K","Silver925 with Rhodium
Silver 0.5Micron Gold Plated
Silver 1 Micron Gold Plated
Silver 2.5 Micron Gold Plated
Yellow Gold
Rose Gold
White Gold",None,Glass Filled Ruby,GEMINI052002V.png,,2.933
SJIH16447-,,Citrine Oval Halo Pendant,Pendant,"Bright citrine center stone framed by sparkling accents, creating a warm golden glow with elegant and eye-catching everyday style",Silver 925,"925, 10k, 14K","Silver925 with Rhodium
Silver 0.5Micron Gold Plated
Silver 1 Micron Gold Plated
Silver 2.5 Micron Gold Plated
Yellow Gold
Rose Gold
White Gold",None,Citrine,SJIH16447-.png,,2.991
SJIH16446-,,Garnet Teardrop Elegant Pendant,Pendant,"Deep red garnet in a graceful teardrop design, accented with sparkling stones for a rich, classic, and eye-catching look",Silver 925,"925, 10k, 14K","Silver925 with Rhodium
Silver 0.5Micron Gold Plated
Silver 1 Micron Gold Plated
Silver 2.5 Micron Gold Plated
Yellow Gold
Rose Gold
White Gold",None,Garnet,https://drive.google.com/file/d/1Z76ir-yAukn1HltC8s8wuXVB03HC7D96/view?usp=drive_link,,1.48
SJIH16358-,,Chrome Diopside Cross Classic Pendant,Pendant,"Vibrant chrome diopside center set in a detailed cross design, accented with sparkling stones for a bold elegant look",Silver 925,"925, 10k, 14K","Silver925 with Rhodium
Silver 0.5Micron Gold Plated
Silver 1 Micron Gold Plated
Silver 2.5 Micron Gold Plated
Yellow Gold
Rose Gold
White Gold",None,Chrome Diopside,SJIH16358-.png,,3.62
SJIH16349-,,Swiss Blue Topaz Cross Pendant,Pendant,"Bright swiss blue topaz stones set in a classic cross design, offering vibrant color, sparkle, and timeless elegant appeal",Silver 925,"925, 10k, 14K","Silver925 with Rhodium
Silver 0.5Micron Gold Plated
Silver 1 Micron Gold Plated
Silver 2.5 Micron Gold Plated
Yellow Gold
Rose Gold
White Gold",None,Swiss Blue Topaz,https://drive.google.com/file/d/1JtvMnZxlEg1qhFTDDFSB7WLSG04Dc1Vf/view?usp=drive_link,,1.275
SJIH16346-,,Glass Filled Ruby Cross Pendant,Pendant,"Bright glass filled ruby stones set in a classic cross design, accented with sparkle for a bold and elegant look",Silver 925,"925, 10k, 14K","Silver925 with Rhodium
Silver 0.5Micron Gold Plated
Silver 1 Micron Gold Plated
Silver 2.5 Micron Gold Plated
Yellow Gold
Rose Gold
White Gold",None,Glass Filled Ruby,SJIH16346-.png,,1.234
SJIH218-,,Tanzanite Dancing Girl Pendant,Pendant,"Graceful dancing girl design adorned with sparkling tanzanite stones, creating a lively, elegant pendant full of charm and movement",Silver 925,"925, 10k, 14K","Silver925 with Rhodium
Silver 0.5Micron Gold Plated
Silver 1 Micron Gold Plated
Silver 2.5 Micron Gold Plated
Yellow Gold
Rose Gold
White Gold",None,Tanzanites,SJIH218-.png,,3.576
SJIH16339-,,Amethyst Halo Statement Pendant,Pendant,"Rich amethyst center surrounded by smaller stones in a halo design, creating a bold, elegant pendant with vibrant purple sparkle and charm",Silver 925,"925, 10k, 14K","Silver925 with Rhodium
Silver 0.5Micron Gold Plated
Silver 1 Micron Gold Plated
Silver 2.5 Micron Gold Plated
Yellow Gold
Rose Gold
White Gold",None,Amethyst,Gemini_Generated_Image_68ptm568ptm568pt.png,,5.4
,,Amethyst Classic Halo Pendant,Pendant,"Stunning oval amethyst surrounded by shimmering stones, creating a timeless pendant with rich purple color and elegant sparkle appeal",Silver 925,"925, 10k, 14K","Silver925 with Rhodium
Silver 0.5Micron Gold Plated
Silver 1 Micron Gold Plated
Silver 2.5 Micron Gold Plated
Yellow Gold
Rose Gold
White Gold",None,Amethyst,https://drive.google.com/file/d/1h4Bz74io_gJD7S623bJ1iGomVnMi-7-t/view?usp=drive_link,,
SJIH16393-,,Morganite Doublet Quartz Halo Pendant,Pendant,"Soft morganite doublet quartz center surrounded by black spinel, creating a striking contrast with elegant sparkle and modern appeal",Silver 925,"925, 10k, 14K","Silver925 with Rhodium
Silver 0.5Micron Gold Plated
Silver 1 Micron Gold Plated
Silver 2.5 Micron Gold Plated
Yellow Gold
Rose Gold
White Gold",None,"Morgantite Doublet Quartz, Black Spinel",https://drive.google.com/file/d/1yM902-Iy9TDhf8wvk-A_EU4BSIV7ooGx/view?usp=drive_link,,2.358
SJIH15079-,,Multi Gemstone Stud Earrings,earrings,"Elegant earrings featuring smoky quartz, rose quartz, green amethyst, and pink amethyst for a soft colorful and stylish look",Silver 925,"925, 10k, 14K","Silver925 with Rhodium
Silver 0.5Micron Gold Plated
Silver 1 Micron Gold Plated
Silver 2.5 Micron Gold Plated
Yellow Gold
Rose Gold
White Gold",None,"Smokey Quartz, Rose Quartz, Green Amethyt and Pink Amethyst",Gemini_Generated_Image_40iuht40iuht40iu.png,,6.026
SJGC2258-,,Sky Blue Topaz Leverback Earrings,earrings,"Beautiful sky blue topaz earrings with secure leverback lock, offering bright sparkle, comfort, and a clean elegant everyday style",Silver 925,"925, 10k, 14K","Silver925 with Rhodium
Silver 0.5Micron Gold Plated
Silver 1 Micron Gold Plated
Silver 2.5 Micron Gold Plated
Yellow Gold
Rose Gold
White Gold",None,Sky Blue Topaz,https://drive.google.com/file/d/1JKnM-lLUWXlaniInavHH5LY1mAuZIzRg/view?usp=drive_link,,3.418
,,Lemon Quartz Drop Earrings,Earrings,"Bright lemon quartz stones in elegant drop design, accented with sparkling tops for a fresh, vibrant and eye-catching look",Silver 925,"925, 10k, 14K","Silver925 with Rhodium
Silver 0.5Micron Gold Plated
Silver 1 Micron Gold Plated
Silver 2.5 Micron Gold Plated
Yellow Gold
Rose Gold
White Gold",None,Lemon Quartz,Gemini_Generated_Image_jt268gjt268gjt26.png,,
SJIH16714,,Swiss Blue Topaz Pearl Stud Earrings,Earrings,"Elegant swiss blue topaz paired with lustrous pearls in a stud design, offering soft shine and timeless everyday style",Silver 925,"925, 10k, 14K","Silver925 with Rhodium
Silver 0.5Micron Gold Plated
Silver 1 Micron Gold Plated
Silver 2.5 Micron Gold Plated
Yellow Gold
Rose Gold
White Gold",None,"Swiss Blue topaz, Fresh Water Pearl",https://drive.google.com/file/d/1Nni7frdONCb3Cv3PFB590crIDauL-xQ7/view?usp=drive_link,,1.38
SJIH168453-,,Glass Filled Sapphire Russian Lock Earrings,Earrings,"Deep blue glass filled sapphire stones in a curved design with secure Russian lock, offering bold sparkle and elegant style",Silver 925,"925, 10k, 14K","Silver925 with Rhodium
Silver 0.5Micron Gold Plated
Silver 1 Micron Gold Plated
Silver 2.5 Micron Gold Plated
Yellow Gold
Rose Gold
White Gold",None,Glass Filled Sapphire,Gemini_Generated_Image_midkcimidkcimidk.png,,3.999
SJS42330-,,Citrine Textured Stud Earrings,Earrings,"Warm citrine stones set in a unique textured design, creating bold stud earrings with rich color and stylish appeal",Silver 925,"925, 10k, 14K","Silver925 with Rhodium
Silver 0.5Micron Gold Plated
Silver 1 Micron Gold Plated
Silver 2.5 Micron Gold Plated
Yellow Gold
Rose Gold
White Gold",None,Citrine,Gemini_Generated_Image_mj63rkmj63rkmj63.png,,2.939
SJIH13036-,,Pink Topaz Heart Stud Earrings,Earrings,"Lovely pink topaz stones in a heart shape stud design, offering a soft romantic look with bright sparkle and charm",Silver 925,"925, 10k, 14K","Silver925 with Rhodium
Silver 0.5Micron Gold Plated
Silver 1 Micron Gold Plated
Silver 2.5 Micron Gold Plated
Yellow Gold
Rose Gold
White Gold",None,Pink Topaz,https://drive.google.com/file/d/1Zy4VziezoN2WfjcQJwDaPjFI0Hv6u43o/view?usp=drive_link,,1.618
SJIH16613-,,Peridot Halo Stud Earrings,Earrings,"Fresh green peridot center stones with a sparkling halo design, creating elegant stud earrings with bright color and timeless appeal",Silver 925,"925, 10k, 14K","Silver925 with Rhodium
Silver 0.5Micron Gold Plated
Silver 1 Micron Gold Plated
Silver 2.5 Micron Gold Plated
Yellow Gold
Rose Gold
White Gold",None,Peridot,https://drive.google.com/file/d/1pWRLYX-h5CDD7BXBPjSRtDboMdNbcgh5/view?usp=drive_link,,1.804
SJS42692-,,Citrine Classic Stud Earrings,Earrings,"Bright citrine stones in a simple stud design, offering warm color, subtle sparkle, and a clean elegant everyday look",Silver 925,"925, 10k, 14K","Silver925 with Rhodium
Silver 0.5Micron Gold Plated
Silver 1 Micron Gold Plated
Silver 2.5 Micron Gold Plated
Yellow Gold
Rose Gold
White Gold",None,Citrine,https://drive.google.com/file/d/1sGtE1P-j9Hi4WLvG4UPJxIaa-hFKEjzh/view?usp=drive_link,,1.261
SJIH15188-,,Ethiopian Opal Elegant Bracelet,Bracelet,Ethiopian Opal Elegant Bracelet,Silver 925,"925, 10k, 14K","Silver925 with Rhodium
Silver 0.5Micron Gold Plated
Silver 1 Micron Gold Plated
Silver 2.5 Micron Gold Plated
Yellow Gold
Rose Gold
White Gold",None,Ethiopian Opal,https://drive.google.com/file/d/1zM0f2IytLjRNYD7_Mds5n7k4W6e3n3cA/view?usp=drive_link,,19.61